<?xml version="1.0" encoding="UTF-8" standalone="yes"?>
<antlib xmlns:c="ant:current">
<!--
   |~~~~~~~~~~~~~~~~~~~~~~~~~~~~~~~~~~~~~~~~~~~~~~~~~~~~~~~~~~~~~~~~~~~~~~~~|
   | The advanced AntXtras function shortcuts. Install after AntXtras main  |
   | components and function shortcuts have been loaded. Does not enable.   |
   | (c) 2009-2010 Sandbox Software MC. All rights reserved.                |
   |________________________________________________________________________|
   -->

  <c:managefuncuts action="install">
 
    <!--
      | Defaults and other misc. runtime-info related function shortcuts:
      -->
    <c:parameter name="default"
        value="org.jwaresoftware.antxtras.funcuts.info.DefaultsFunctionShortcut"/>
    <c:parameter name="defaultsproperty"
        value="org.jwaresoftware.antxtras.funcuts.info.DefaultsPropertyNameFunctionShortcut"/>
    <c:parameter name="oslibext"
        value="org.jwaresoftware.antxtras.funcuts.info.OSLibExtensionFunctionShortcut"/>


    <!-- 
      | Short hand condition funcuts:
      -->
    <c:parameter name="istask"
        value="org.jwaresoftware.antxtras.funcuts.condition.IsXDefFunctionShortcut"/>
    <c:parameter name="istype"
        value="org.jwaresoftware.antxtras.funcuts.condition.IsXDefFunctionShortcut"/>


    <!--
      | Value transformer function shortcuts:
      -->
    <c:parameter name="literal"
        value="org.jwaresoftware.antxtras.funcuts.strings.LiteralFunctionShortcut"/>
    <c:parameter name="shorten"
        value="org.jwaresoftware.antxtras.funcuts.strings.ShortenFunctionShortcut"/>
    <c:parameter name="truncate"
        value="org.jwaresoftware.antxtras.funcuts.strings.TruncateFunctionShortcut"/>


    <!--
      | Id generating function shortcuts:
      -->
    <c:parameter name="random"
        value="org.jwaresoftware.antxtras.funcuts.construct.RandomFunctionShortcut"/>


    <!--
      | DateTime generating function shortcuts:
      -->
    <c:parameter name="millis"
        value="org.jwaresoftware.antxtras.funcuts.datetime.MillisecsFunctionShortcut"/>
    <c:parameter name="equaldate"
        value="org.jwaresoftware.antxtras.funcuts.datetime.EqualDateTimeFunctionShortcut"/>
    <c:parameter name="newerdate"
        value="org.jwaresoftware.antxtras.funcuts.datetime.NewerDateTimeFunctionShortcut"/>
    <c:parameter name="olderdate"
        value="org.jwaresoftware.antxtras.funcuts.datetime.OlderDateTimeFunctionShortcut"/>

  </c:managefuncuts>

</antlib>
<!-- $Id: antlib-advanced.xml 970 2010-01-23 18:30:22Z ssmc $ -->