<?xml version="1.0" encoding="UTF-8" standalone="yes"?>
<antlib xmlns:c="ant:current">
<!--
   |~~~~~~~~~~~~~~~~~~~~~~~~~~~~~~~~~~~~~~~~~~~~~~~~~~~~~~~~~~~~~~~~~~~~~~~~|
   | The standard AntXtras function shortcuts. Install after AntXtras main  |
   | components have been loaded or via the 'install/antlib.xml' file.      |
   | (c) 2004-2005,2008-2010 Sandbox Software MC. All rights reserved.      |
   |________________________________________________________________________|
   -->

  <c:managefuncuts action="enable">
    <!--
      | Defaults and other misc. runtime-info related function shortcuts:
      -->
    <c:parameter name="x"
        value="org.jwaresoftware.antxtras.funcuts.info.FixtureFunctionShortcut"/>
    <c:parameter name="password"
        value="org.jwaresoftware.antxtras.funcuts.info.PasswordFunctionShortcut"/>
    <c:parameter name="osfamily"
        value="org.jwaresoftware.antxtras.funcuts.info.OSFamilyFunctionShortcut"/>
    <c:parameter name="system"
        value="org.jwaresoftware.antxtras.funcuts.info.SystemFunctionShortcut"/>
    <c:parameter name="sysenv"
        value="org.jwaresoftware.antxtras.funcuts.info.SysenvFunctionShortcut"/>


    <!--
      | Resource-based strings funcuts:
      -->
    <c:parameter name="string"
        value="org.jwaresoftware.antxtras.messages.MessageFunctionShortcut"/>
    <c:parameter name="message"
        value="org.jwaresoftware.antxtras.messages.MessageFunctionShortcut"/>


    <!-- 
      | Short hand condition funcuts:
      -->
    <c:parameter name="isset"
        value="org.jwaresoftware.antxtras.condition.ConditionFunctionShortcuts"/> 
    <c:parameter name="isnotset"
        value="org.jwaresoftware.antxtras.condition.ConditionFunctionShortcuts"/>
    <c:parameter name="issettrue"
        value="org.jwaresoftware.antxtras.condition.ConditionFunctionShortcuts"/> 
    <c:parameter name="allset"
        value="org.jwaresoftware.antxtras.condition.ConditionFunctionShortcuts"/>
    <c:parameter name="anyset"
        value="org.jwaresoftware.antxtras.condition.ConditionFunctionShortcuts"/>
    <c:parameter name="noneset"
        value="org.jwaresoftware.antxtras.condition.ConditionFunctionShortcuts"/>
    <c:parameter name="allsettrue"
        value="org.jwaresoftware.antxtras.condition.ConditionFunctionShortcuts"/>
    <c:parameter name="anysettrue"
        value="org.jwaresoftware.antxtras.condition.ConditionFunctionShortcuts"/>
    <c:parameter name="isbool"
        value="org.jwaresoftware.antxtras.condition.ConditionFunctionShortcuts"/>
    <c:parameter name="isboolean"
        value="org.jwaresoftware.antxtras.condition.ConditionFunctionShortcuts"/>
    <c:parameter name="isnumber"
        value="org.jwaresoftware.antxtras.condition.ConditionFunctionShortcuts"/>
    <c:parameter name="isnotwhitespace"
        value="org.jwaresoftware.antxtras.condition.ConditionFunctionShortcuts"/>
    <c:parameter name="isref"
        value="org.jwaresoftware.antxtras.condition.ConditionFunctionShortcuts"/>
    <c:parameter name="isreference"
        value="org.jwaresoftware.antxtras.condition.ConditionFunctionShortcuts"/>
    <c:parameter name="isantversion"
        value="org.jwaresoftware.antxtras.condition.ConditionFunctionShortcuts"/>
    <c:parameter name="filenotempty"
        value="org.jwaresoftware.antxtras.condition.ConditionFunctionShortcuts"/>
    <c:parameter name="fne"
        value="org.jwaresoftware.antxtras.condition.ConditionFunctionShortcuts"/>
    <c:parameter name="isfile"
        value="org.jwaresoftware.antxtras.condition.ConditionFunctionShortcuts"/>
    <c:parameter name="isdir"
        value="org.jwaresoftware.antxtras.condition.ConditionFunctionShortcuts"/>
    <c:parameter name="isdirectory"
        value="org.jwaresoftware.antxtras.condition.ConditionFunctionShortcuts"/>
    <c:parameter name="isresource"
        value="org.jwaresoftware.antxtras.condition.ConditionFunctionShortcuts"/>
    <c:parameter name="isclass"
        value="org.jwaresoftware.antxtras.condition.ConditionFunctionShortcuts"/>

    <c:parameter name="not"
        value="org.jwaresoftware.antxtras.funcuts.condition.NotFunctionShortcut"/>
    <c:parameter name="truefalse"
        value="org.jwaresoftware.antxtras.funcuts.condition.TrueFalseFunctionShortcut"/>
    <c:parameter name="iszero"
        value="org.jwaresoftware.antxtras.funcuts.condition.IsZeroFunctionShortcut"/>
    <c:parameter name="isdefined"
        value="org.jwaresoftware.antxtras.funcuts.condition.IsDefinedFunctionShortcut"/>
    <c:parameter name="isos"
        value="org.jwaresoftware.antxtras.funcuts.condition.IsOsFunctionShortcut"/>


    <!-- 
      | General rules and criteria based funcuts:
      -->
    <c:parameter name="test"
        value="org.jwaresoftware.antxtras.rules.RuleFunctionShortcut"/>


    <!--
      | Collection management funcuts:
      -->
    <c:parameter name="list"
        value="org.jwaresoftware.antxtras.funcuts.collection.ListFunctionShortcut"/>
    <c:parameter name="map"
        value="org.jwaresoftware.antxtras.funcuts.collection.MapFunctionShortcut"/>


    <!--
      | Value transformer function shortcuts:
      -->
    <c:parameter name="transform"
        value="org.jwaresoftware.antxtras.funcuts.strings.ValueTransformFunctionShortcut"/>
    <c:parameter name="path"
        value="org.jwaresoftware.antxtras.funcuts.strings.ValueTransformFunctionShortcut"/>
    <c:parameter name="ospath"
        value="org.jwaresoftware.antxtras.funcuts.strings.ValueTransformFunctionShortcut"/>
    <c:parameter name="pathurl"
        value="org.jwaresoftware.antxtras.funcuts.strings.ValueTransformFunctionShortcut"/>
    <c:parameter name="ospathurl"
        value="org.jwaresoftware.antxtras.funcuts.strings.ValueTransformFunctionShortcut"/>
    <c:parameter name="uppercase"
        value="org.jwaresoftware.antxtras.funcuts.strings.ValueTransformFunctionShortcut"/>
    <c:parameter name="lowercase"
        value="org.jwaresoftware.antxtras.funcuts.strings.ValueTransformFunctionShortcut"/>
    <c:parameter name="trim"
        value="org.jwaresoftware.antxtras.funcuts.strings.ValueTransformFunctionShortcut"/>
    <c:parameter name="stripws"
        value="org.jwaresoftware.antxtras.funcuts.strings.ValueTransformFunctionShortcut"/>
    <c:parameter name="decimal"
        value="org.jwaresoftware.antxtras.funcuts.strings.ValueTransformFunctionShortcut"/>


    <!--
      | Id generating function shortcuts:
      -->
    <c:parameter name="newrefid"
        value="org.jwaresoftware.antxtras.funcuts.construct.NewRefIdFunctionShortcut"/>


    <!--
      | DateTime generating function shortcuts:
      -->
    <c:parameter name="now"
        value="org.jwaresoftware.antxtras.funcuts.datetime.NowFunctionShortcut"/>
    <c:parameter name="duration"
        value="org.jwaresoftware.antxtras.funcuts.datetime.DateTimeFunctionShortcut"/>

    <c:parameter name="datetime"
        value="org.jwaresoftware.antxtras.funcuts.datetime.DateTimeFunctionShortcut"/>
    <c:parameter name="datetimestrict"
        value="org.jwaresoftware.antxtras.funcuts.datetime.DateTimeFunctionShortcut"/>
    <c:parameter name="date"
        value="org.jwaresoftware.antxtras.funcuts.datetime.DateTimeFunctionShortcut"/>
    <c:parameter name="time"
        value="org.jwaresoftware.antxtras.funcuts.datetime.DateTimeFunctionShortcut"/>

    <c:parameter name="shortdatetime"
        value="org.jwaresoftware.antxtras.funcuts.datetime.DateTimeFunctionShortcut"/>
    <c:parameter name="shortdatetimestrict"
        value="org.jwaresoftware.antxtras.funcuts.datetime.DateTimeFunctionShortcut"/>
    <c:parameter name="shortdate"
        value="org.jwaresoftware.antxtras.funcuts.datetime.DateTimeFunctionShortcut"/>
    <c:parameter name="shorttime"
        value="org.jwaresoftware.antxtras.funcuts.datetime.DateTimeFunctionShortcut"/>

    <c:parameter name="longdatetime"
        value="org.jwaresoftware.antxtras.funcuts.datetime.DateTimeFunctionShortcut"/>
    <c:parameter name="longdatetimestrict"
        value="org.jwaresoftware.antxtras.funcuts.datetime.DateTimeFunctionShortcut"/>
    <c:parameter name="longdate"
        value="org.jwaresoftware.antxtras.funcuts.datetime.DateTimeFunctionShortcut"/>
    <c:parameter name="longtime"
        value="org.jwaresoftware.antxtras.funcuts.datetime.DateTimeFunctionShortcut"/>

    <c:parameter name="iso"
        value="org.jwaresoftware.antxtras.funcuts.datetime.DateTimeFunctionShortcut"/>
    <c:parameter name="isodatetime"
        value="org.jwaresoftware.antxtras.funcuts.datetime.DateTimeFunctionShortcut"/>
    <c:parameter name="isodate"
        value="org.jwaresoftware.antxtras.funcuts.datetime.DateTimeFunctionShortcut"/>
    <c:parameter name="isotime"
        value="org.jwaresoftware.antxtras.funcuts.datetime.DateTimeFunctionShortcut"/>
    <c:parameter name="longiso"
        value="org.jwaresoftware.antxtras.funcuts.datetime.DateTimeFunctionShortcut"/>
    <c:parameter name="longisodatetime"
        value="org.jwaresoftware.antxtras.funcuts.datetime.DateTimeFunctionShortcut"/>
    <c:parameter name="isomillis"
        value="org.jwaresoftware.antxtras.funcuts.datetime.DateTimeFunctionShortcut"/>

    <c:parameter name="gmt"
        value="org.jwaresoftware.antxtras.funcuts.datetime.DateTimeFunctionShortcut"/>
    <c:parameter name="gmtdatetime"
        value="org.jwaresoftware.antxtras.funcuts.datetime.DateTimeFunctionShortcut"/>
    <c:parameter name="gmtdate"
        value="org.jwaresoftware.antxtras.funcuts.datetime.DateTimeFunctionShortcut"/>
    <c:parameter name="gmttime"
        value="org.jwaresoftware.antxtras.funcuts.datetime.DateTimeFunctionShortcut"/>
    <c:parameter name="changelogdate"
        value="org.jwaresoftware.antxtras.funcuts.datetime.DateTimeFunctionShortcut"/>
    <c:parameter name="cvsdate"
        value="org.jwaresoftware.antxtras.funcuts.datetime.DateTimeFunctionShortcut"/>


    <!--
      | Filesystem function shortcuts:
      -->
    <c:parameter name="basename"
        value="org.jwaresoftware.antxtras.funcuts.filesystem.BasenameFunctionShortcut"/>
    <c:parameter name="dirname"
        value="org.jwaresoftware.antxtras.funcuts.filesystem.DirnameFunctionShortcut"/>
    <c:parameter name="loadfile"
        value="org.jwaresoftware.antxtras.funcuts.filesystem.LoadFileFunctionShortcut"/>

  </c:managefuncuts>

</antlib>
<!-- $Id: antlib.xml 1037 2010-03-20 18:35:28Z ssmc $ -->