<?xml version="1.0" encoding="utf-8"?>
<TEI xmlns="http://www.tei-c.org/ns/1.0" xml:lang="en" xml:id="Had14">
  <teiHeader>
    <fileDesc>
      <titleStmt>
        <title>[Letter from Octavius Hadfield to his sister Octavia,
        13 November 1843]</title>
        <author>Octavius Hadfield</author>
      </titleStmt>
      <publicationStmt>
        <p>Distributed as part of the Kiln tutorial.</p>
      </publicationStmt>
      <sourceDesc>
        <bibl><title>[Letter from Octavius Hadfield to his sister
        Octavia, 13 November 1843]</title>. In <author>Barbara
        Macmorran</author>, <title level="m">Octavius
        Hadfield</title>, <pubPlace>Wellington</pubPlace> <date
        when="1969">1969</date>.</bibl>
      </sourceDesc>
    </fileDesc>
    <profileDesc>
      <particDesc>
        <listPerson>
          <person role="recipient">
            <persName>Octavia Hadfield</persName>
          </person>
        </listPerson>
      </particDesc>
    </profileDesc>
  </teiHeader>
  <text>
    <body>
      <opener>
        <dateline rend="right">
          <address>
            <addrLine><placeName>Waikanae</placeName></addrLine><lb/>
          </address>
          <date when="1843-11-13">Nov. 13, 1843.</date>
        </dateline>
        <salute rend="sc">To sister <persName>Octavia</persName>.</salute>
      </opener>

      <p>The last letter I wrote was on the <date
      when="1843-09-01">1st of September</date> to my mother, and
      since that I have delayed writing, though I fear there have been
      ships going direct, because I was out of humour at not receiving
      any letters from any of you. I have received letters from
      <placeName>Salisbury</placeName> dated late May, six weeks ago,
      and nothing from any of you since Feb.—so much grumbling, now
      let me think of something else.</p>

      <p>I have had so much to do lately with our minor political
      matters that I fear I am become quite worldly. Since an
      unfortunate affair which I alluded to before,
      (<placeName>Wairau</placeName>), there has been a bad feeling
      existing between settlers and natives, and it has required the
      exercise of all the little wisdom which I possess to keep
      matters quiet. I believe I have been the chief instrument in
      doing this hitherto, and have had acknowledgements to this
      effect from government officers; but still it is not my proper
      work, and in that I would rather be occupied entirely. I am
      afraid I have witnessed a little luke-warmness among the natives
      lately; this however I must expect; but still I have seen
      nothing of the kind among my own favourites. I do not so much
      blame the natives for much that appears blameable in them, as I
      do ourselves. Ere long there will be considerable confusion in
      the Christianity of these people. Our hope is in the Lord, would
      that I ever rested upon that source of help simply and
      entirely.</p>

      <p>I feel inclined to go to <placeName>China</placeName>. I
      wonder whether I could learn the language! I found no difficulty
      in the language of this country—but Chinese, I suppose, would
      put one's ability for languages to the trial. Nothing I regret
      more than not having studied languages. I sometimes feel a
      little angry with some of you at home, who always used to tell
      me when a boy that I was conceited and thereby discouraged me. I
      took a dislike when a boy to Latin and Greek, and was stupid
      enough with those languages. Since I left
      <placeName>England</placeName> I have only studied New Zealand
      and Hebrew, and have found no kind of difficulty with these. I
      fear nevertheless that Chinese would puzzle me.</p>

      <p>I had the pleasure a few days ago of having the Chief Justice
      at my house for a day. He takes great interest in the language
      and in the natives of this country. I am expecting the Bishop in
      about a month. My friend <persName>Mr. St. Hill</persName> is
      gone to meet him in the centre of the Island and will accompany
      him back.</p>
    </body>
  </text>
</TEI>
