<?xml version="1.0" encoding="utf-8"?>
<TEI xmlns="http://www.tei-c.org/ns/1.0" xml:lang="en" xml:id="Had11">
  <teiHeader>
    <fileDesc>
      <titleStmt>
        <title>[Letter from Octavius Hadfield to his mother, 17
        September 1842]</title>
        <author>Octavius Hadfield</author>
      </titleStmt>
      <publicationStmt>
        <p>Distributed as part of the Kiln tutorial.</p>
      </publicationStmt>
      <sourceDesc>
        <bibl><title>[Letter from Octavius Hadfield to his mother, 17
        September 1842]</title>. In <author>Barbara
        Macmorran</author>, <title level="m">Octavius
        Hadfield</title>, <pubPlace>Wellington</pubPlace> <date
        when="1969">1969</date>.</bibl>
      </sourceDesc>
    </fileDesc>
    <profileDesc>
      <particDesc>
        <listPerson>
          <person role="recipient">
            <persName>Amelia Caroline White</persName>
          </person>
        </listPerson>
      </particDesc>
    </profileDesc>
  </teiHeader>
  <text>
    <body>
      <opener>
        <dateline rend="right">
          <address>
            <addrLine><placeName>Wellington</placeName></addrLine><lb/>
          </address>
          <date when="1842-09-17">Sept. 17, 1842.</date>
        </dateline>
        <salute rend="sc">To his mother.</salute>
      </opener>

      <p>I came over here yesterday with
      <persName>Mr. Mason</persName> to meet the Bishop and am highly
      delighted with him. I breakfasted with him this morning and he
      was very kind saying that he had sufficient introduction to me
      from the Bishop of Australia who had spoken to him of me. He
      appears to be a man of great latent energy and activity, in fact
      a first rate man. I do now hope that we may expect an abundant
      blessing from the Lord upon our labours here.</p>

      <p>I administered the sacrament on Sunday to more than 150
      natives at <placeName>Waikanae</placeName> and on the Sunday
      previous to 65. I am much interested in my work.</p>
    </body>
  </text>
</TEI>
