<?xml version="1.0" encoding="UTF-8"?>
<antlib>
<!--
   |~~~~~~~~~~~~~~~~~~~~~~~~~~~~~~~~~~~~~~~~~~~~~~~~~~~~~~~~~~~~~~~~~~~~~~~~|
   | The standard AntXtras conditions. Install to use with/instead-of the   |
   | standard Ant conditions (like 'not' and 'or').                         |
   | (c) 2004-2005,2008-2010 Sandbox Software MC. All rights reserved.      |
   |________________________________________________________________________|
   -->

    <typedef name="isset"           classname="org.jwaresoftware.antxtras.condition.IsSet"/>
    <typedef name="isnotset"        classname="org.jwaresoftware.antxtras.condition.IsNotSet"/>
    <typedef name="issettrue"       classname="org.jwaresoftware.antxtras.condition.IsSetTrue"/>

    <typedef name="allset"          classname="org.jwaresoftware.antxtras.condition.AllSet"/>
    <typedef name="noneset"         classname="org.jwaresoftware.antxtras.condition.NoneSet"/>
    <typedef name="anyset"          classname="org.jwaresoftware.antxtras.condition.AnySet"/>
    <typedef name="allsettrue"      classname="org.jwaresoftware.antxtras.condition.AllSetTrue"/>
    <typedef name="anysettrue"      classname="org.jwaresoftware.antxtras.condition.AnySetTrue"/>

    <typedef name="isboolean"       classname="org.jwaresoftware.antxtras.condition.IsBoolean"/>
    <typedef name="isnumber"        classname="org.jwaresoftware.antxtras.condition.IsNumber"/>
    <typedef name="isnotwhitespace" classname="org.jwaresoftware.antxtras.condition.IsNotWhitespace"/>

    <typedef name="isclass"         classname="org.jwaresoftware.antxtras.condition.IsClass"/>
    <typedef name="isresource"      classname="org.jwaresoftware.antxtras.condition.IsResource"/>
    <typedef name="isreference"     classname="org.jwaresoftware.antxtras.condition.IsReference"/>
    <typedef name="isdirectory"     classname="org.jwaresoftware.antxtras.condition.IsDirectory"/>
    <typedef name="isfile"          classname="org.jwaresoftware.antxtras.condition.IsFile"/>
    <typedef name="filenotempty"    classname="org.jwaresoftware.antxtras.condition.FileNotEmpty"/>

    <typedef name="ismatch"         classname="org.jwaresoftware.antxtras.condition.IsMatch"/>
    <typedef name="isequal"         classname="org.jwaresoftware.antxtras.condition.StringEquals"/>
    <typedef name="isantversion"    classname="org.jwaresoftware.antxtras.condition.IsAntVersion"/>

</antlib>

<!-- $Id: antlib.xml 1037 2010-03-20 18:35:28Z ssmc $ -->
