<?xml version="1.0" encoding="utf-8"?>
<TEI xmlns="http://www.tei-c.org/ns/1.0" xml:lang="en" xml:id="Had12">
  <teiHeader>
    <fileDesc>
      <titleStmt>
        <title>[Letter from Octavius Hadfield to his father, 8
        March 1843]</title>
        <author>Octavius Hadfield</author>
      </titleStmt>
      <publicationStmt>
        <p>Distributed as part of the Kiln tutorial.</p>
      </publicationStmt>
      <sourceDesc>
        <bibl><title>[Letter from Octavius Hadfield to his father, 8
        March 1843]</title>. In <author>Barbara
        Macmorran</author>, <title level="m">Octavius
        Hadfield</title>, <pubPlace>Wellington</pubPlace> <date
        when="1969">1969</date>.</bibl>
      </sourceDesc>
    </fileDesc>
    <profileDesc>
      <particDesc>
        <listPerson>
          <person role="recipient">
            <persName>Joseph Hadfield</persName>
          </person>
        </listPerson>
      </particDesc>
    </profileDesc>
  </teiHeader>
  <text>
    <body>
      <opener>
        <dateline rend="right">
          <address>
            <addrLine><placeName>Port Nicholson</placeName></addrLine><lb/>
          </address>
          <date when="1843-03-08">March 8, 1843.</date>
        </dateline>
        <salute rend="sc">To his father.</salute>
      </opener>

      <p>I have lately received a letter from
      <persName>Julia</persName> (dated <date
      when="1842-09-28">Sep. 28</date>) in which she sends me a
      message from you to desire me to write when I have an
      opportunity; having now a few minutes to write in I do so, as
      there is a vessel going almost immediately. I was happy to hear
      that you were pretty well at the time of
      <persName>Julia</persName>'s writing. I wrote a long letter to
      <persName>Caroline</persName> about 5 or 6 weeks ago, in which I
      mentioned my poor friend <persName>Mason</persName>'s death and
      my narrow escape which you will have received before this
      reaches you. I have lately had a pleasant visit to
      <placeName>Queen Charlotte Sound</placeName> and I find the
      natives there as attentive as ever and as desirous of receiving
      instruction. They seem to care for little else than religion and
      are regardless of worldly concerns, to their own detriment in
      some measure.</p>

      <p>I have now more to do than ever since
      <persName>Mason</persName>'s death, but my strength I think is
      as great as it ever is, and I am quite well. I am come over here
      for two days on some matters of business, and then
      return. Things are rather in a dull state in this place. I am,
      with some others, making some exertions to get the natives to
      work at the <placeName>New Zealand</placeName> flax, which will
      be much for their benefit, and it is almost essential to the
      welfare of this colony that they should have some export. They
      have always been trying to invent some machine for the
      preparation of the flax, but I think that I have convinced some
      that the natives could be an immediate benefit to this
      country. You need not however think that I employ my time in
      these matters; they are merely facts which force themselves upon
      the observation of those who go about with their eyes open,
      which all here do not.</p>
    </body>
  </text>
</TEI>
