<?xml version="1.0" encoding="utf-8"?>
<TEI xmlns="http://www.tei-c.org/ns/1.0" xml:lang="en" xml:id="Had1">
  <teiHeader>
    <fileDesc>
      <titleStmt>
        <title>[Letter from Octavius Hadfield to his brother Charles,
        19 December 1839]</title>
        <author>Octavius Hadfield</author>
      </titleStmt>
      <publicationStmt>
        <p>Distributed as part of the Kiln tutorial.</p>
      </publicationStmt>
      <sourceDesc>
        <bibl><title>[Letter from Octavius Hadfield to his brother
        Charles, 19 December 1839]</title>. In <author>Barbara
        Macmorran</author>, <title level="m">Octavius
        Hadfield</title>, <pubPlace>Wellington</pubPlace> <date
        when="1969">1969</date>.</bibl>
      </sourceDesc>
    </fileDesc>
    <profileDesc>
      <particDesc>
        <listPerson>
          <person role="recipient">
            <persName>Charles Hadfield</persName>
          </person>
        </listPerson>
      </particDesc>
    </profileDesc>
  </teiHeader>
  <text>
    <body>
      <opener>
        <dateline rend="right">
          <address>
            <addrLine><placeName>Kapiti</placeName></addrLine>
          </address><lb/>
          <date when="1839-12-19">Dec. 19, 1839.</date>
        </dateline>
        <salute rend="sc">To brother <persName>Charles</persName></salute>
      </opener>

      <p>The last letter I wrote was from the <placeName>Bay of
      Islands</placeName> in Oct. to dear <persName>George</persName>
      stating that I had altogether left the school and was about to
      sail to <placeName>Kapiti</placeName>, or <placeName>Entry
      Island</placeName>, in <placeName>Cook Strait</placeName>.</p>

      <p>I landed first in <placeName>Port Nicholson</placeName> on
      the <date when="1839-11-08">8th of November</date> accompanied
      by the <persName>Rev. H. Williams</persName>, who remained with
      me three weeks. I then went across to <placeName>Cloudy
      Bay</placeName> in the <placeName>Middle Island</placeName> and
      remained a day or two. . . . We left <placeName>Cloudy
      Bay</placeName>, but as the wind headed us we went again into
      <placeName>Port Nicholson</placeName> where
      <persName>Mr. W.</persName> and I determined to walk to the
      coast opposite <placeName>Kapiti</placeName>. . . .</p>

      <p>The people on our arrival were in a state of warfare. The
      people of the <foreign xml:lang="mi" rend="i">Pa</foreign> were
      attacked about 5 weeks before suddenly in the night by the
      natives of <placeName>Otaki</placeName>, a <foreign
      xml:lang="mi" rend="i">Pa</foreign> about 11 miles further on
      the coast. There were about 35 of the latter killed, and 20 of
      the former. They were obliged to return leaving everything that
      they had with them. The people of this place have been slightly
      instructed in the truths of the Gospel by a native who came down
      a few years ago from <placeName>Paihia</placeName>, one of our
      settlements. They only acted on the defensive and contrary to
      precedent and native custom, instead of eating the dead bodies,
      buried them with all the spoil. Peace has now been established
      among them by <persName>Mr. W</persName>'s influence and
      persuasion and I must now endeavour to maintain it, though the
      Otaki natives are by no means very much inclined to
      peace. . . .</p>

      <p>The <placeName>Island of Kapiti</placeName> at which ships
      are accustomed to anchor lies about 4 or 5 miles from the coast
      where I am now living, which is called
      <placeName>Waika-nae</placeName>. I am at present, contrary to
      the preceding custom of all the missionaries, living in the
      <foreign xml:lang="mi" rend="i">Pa</foreign> or fortified
      village. I have now been six weeks in a small tent seven feet
      square, moving about, but during the last week I have settled
      here. A tent is not very comfortable as it is cold at night and
      warm in the day time. It is now while I am writing very hot; the
      natives also all crowding about and putting their heads in at
      all times. I am having a house built of rushes by natives in the
      <foreign xml:lang="mi" rend="i">Pa</foreign>. I brought a few
      blankets with me and some bricks to make a chimney before winter
      comes as it is rather cold in this part of
      <placeName>N.Z</placeName>. There are many disadvantages in
      living in a native <foreign xml:lang="mi" rend="i">Pa</foreign>,
      for many reasons, and one is the excessive filth and also noise
      of the natives. . . . Personal inconvenience is nothing to
      me. . . . No missionary has either hitherto gone alone to any
      station, but I am living 300 miles from any other
      missionary. But though I am labouring under many disadvantages,
      and one great one, an almost entire ignorance of the language
      (though I have learnt more the last few weeks than I did all the
      time before), I never felt happier and more contented and
      composed in my life, or ready to endure and bear whatever the
      Lord may call me to. . . .</p>

      <p>The chiefs of the <foreign xml:lang="mi"
      rend="i">Pa</foreign> in which I now am are exceeding desirous
      of instruction and are very kind to me. I am quite amused in the
      morning to see the principal chief of the place,
      <persName>Reretawhangawhanga</persName>, learning to read and
      write his letters. He is an old man with a long grey beard.</p>
    </body>
  </text>
</TEI>
