<?xml version="1.0" encoding="utf-8"?>
<TEI xmlns="http://www.tei-c.org/ns/1.0" xml:lang="en" xml:id="Had2">
  <teiHeader>
    <fileDesc>
      <titleStmt>
        <title>[Letter from Octavius Hadfield to his brother Charles,
        28 April 1840]</title>
        <author>Octavius Hadfield</author>
      </titleStmt>
      <publicationStmt>
        <p>Distributed as part of the Kiln tutorial.</p>
      </publicationStmt>
      <sourceDesc>
        <bibl><title>[Letter from Octavius Hadfield to his brother
        Charles, 28 April 1840]</title>. In <author>Barbara
        Macmorran</author>, <title level="m">Octavius
        Hadfield</title>, <pubPlace>Wellington</pubPlace> <date
        when="1969">1969</date>.</bibl>
      </sourceDesc>
    </fileDesc>
    <profileDesc>
      <particDesc>
        <listPerson>
          <person role="recipient">
            <persName>Charles Hadfield</persName>
          </person>
        </listPerson>
      </particDesc>
    </profileDesc>
  </teiHeader>
  <text>
    <body>
      <opener>
        <dateline rend="right">
          <address><addrLine><placeName>Kapiti</placeName></addrLine></address><lb/>
          <date when="1840-04-28">April 28, 1840. </date>
        </dateline>
        <salute rend="sc">To brother <persName>Charles</persName></salute>
      </opener>

      <p>I gave some account in my letter to my mother of my trip to
      <placeName>Taranaki</placeName>, a walk of about 350 miles, for
      4 weeks, during which I went over land and among natives that
      had not seen a missionary before. I had an opportunity of
      preaching the glorious Gospel of my Master. I am disposed to
      take a different view of the natives from that generally taken
      by the missionaries here. I think them a most pleasing,
      interesting, intelligent set of people. I have some who had not
      looked into a book when I began school in December (especially a
      leading chief), who can now read and write well.</p>

      <p>I am beginning to speak a little in native in preaching but
      having to learn the language without grammar, dictionary, etc.,
      it is difficult. The natives however understand so I trust I
      shall shortly improve. I have many interesting enquiries
      concerning <persName>Jesus</persName>, but hitherto (the fault
      is perhaps with me) rather ignorant. One is certainly under the
      influence of the Spirit and I shall shortly baptise him. They
      are for the most part young men from the age of about 18 to 30
      who are disposed to give up sin of every kind and serve
      <persName>Jesus</persName>. My sphere of labour from the
      vicinity of shipping is bad, but the Lord has brought me and I
      trust through prayer will bless me. I have no certain dwelling
      place, but two small houses at about ten miles apart.</p>

      <p>My congregation at one place about 400, and the other 150,
      but numbers of others in villages all about me. It is surprising
      to see the attention with which they attend to the preached
      Gospel and their reverence for the Word of God—the Bible says so
      and that is enough. Port Nicholson, the new settlement, is
      within 30 miles of me so that I am no longer out of the
      world.</p>
    </body>
  </text>
</TEI>
