<?xml version="1.0" encoding="utf-8"?>
<TEI xmlns="http://www.tei-c.org/ns/1.0" xml:lang="en" xml:id="Had6">
  <teiHeader>
    <fileDesc>
      <titleStmt>
        <title>[Letter from Octavius Hadfield to his mother, 12 April
        1841]</title>
        <author>Octavius Hadfield</author>
      </titleStmt>
      <publicationStmt>
        <p>Distributed as part of the Kiln tutorial.</p>
      </publicationStmt>
      <sourceDesc>
        <bibl><title>[Letter from Octavius Hadfield to his mother, 12
        April 1841]</title>. In <author>Barbara Macmorran</author>,
        <title level="m">Octavius Hadfield</title>,
        <pubPlace>Wellington</pubPlace> <date
        when="1969">1969</date>.</bibl>
      </sourceDesc>
    </fileDesc>
    <profileDesc>
      <particDesc>
        <listPerson>
          <person role="recipient">
            <persName>Amelia Caroline White</persName>
          </person>
        </listPerson>
      </particDesc>
    </profileDesc>
  </teiHeader>
  <text>
    <body>
      <opener>
        <dateline rend="right">
          <address>
            <addrLine><placeName>Port Nicholson</placeName></addrLine><lb/>
          </address>
          <date when="1841-04-12">April 12, 1841.</date>
        </dateline>
        <salute rend="sc">To his mother.</salute>
      </opener>

      <p>One word with regard to myself. <persName>Henry</persName> as
      well as you says much to me about taking care of my health. Now
      you both know that I never was very strong and neither am I now,
      nor do I think much about my health. I am engaged in work that
      does not allow me much opportunity of taking care of myself,
      therefore once for all let me say that you must not be anxious
      about me. You may hear that I am ill or even dead, but you must
      learn to remember that I am engaged in the Lord's work and am in
      His hands "Who doeth all things well".</p>

      <p>My work is going on well among the natives—I baptised 33 the
      other day, all of whom I think well, some of whom I love
      much. <placeName>Port Nicholson</placeName> is a prospering
      place. There is some degree of spirit, etc., among the colonists
      which I admire, and the country has many capabilities. I hear
      that we have a bishop appointed for
      <placeName>N.Z</placeName>. I hope he will soon be out here. He
      is much wanted. I preached here on Good Friday and twice
      yesterday to an English congregation—somebody is much wanted
      here. There is here a <persName>Mr. St. Hill</persName> and his
      wife who are as kind to me as it is possible to be. I never met
      with anybody more so.</p>
    </body>
  </text>
</TEI>
